"(-0.010787305422127247, 0.012243112549185753, 0.08697348088026047)","(0.011534605175256729, -0.012723913416266441, 0.06015482544898987)","(0.020196301862597466, -0.029436593875288963, 0.0457608737051487)","(0.016894586384296417, -0.03886702284216881, 0.0105076739564538)","(-0.0025346658658236265, -0.0351656936109066, -0.024353180080652237)","(0.01783485896885395, -0.01378319226205349, -0.001760575920343399)","(0.004616789054125547, -0.023361682891845703, -0.011014389805495739)","(0.0010926348622888327, -0.029420869424939156, 0.007223394699394703)","(-0.0031121624633669853, -0.01817844621837139, 0.02624307945370674)","(0.0029807661194354296, 0.0026490495074540377, -0.0030070855282247066)","(-0.018256021663546562, -0.025277290493249893, -0.007055547554045916)","(-0.022519551217556, -0.03573528304696083, 0.014971274882555008)","(-0.017663469538092613, -0.035731155425310135, 0.04549992084503174)","(-0.011732928454875946, 0.00656901067122817, -0.0003123249625787139)","(-0.03588041663169861, -0.022054720669984818, 0.0022051080595701933)","(-0.0341196283698082, -0.03127645328640938, 0.026143748313188553)","(-0.026190949603915215, -0.02932787872850895, 0.04358739033341408)","(-0.03215719014406204, 0.013014398515224457, 0.010914905928075314)","(-0.04843014106154442, -0.00858316384255886, 0.014396569691598415)","(-0.045515552163124084, -0.028840135782957077, 0.036005206406116486)","(-0.0379335880279541, -0.02321656420826912, 0.05094357952475548)"
"(-0.0300251804292202, 0.07990377396345139, 0.03371528536081314)","(0.0027100294828414917, 0.06508924067020416, 0.03204057365655899)","(0.02741069160401821, 0.042473673820495605, 0.028862813487648964)","(0.045391179621219635, 0.018679693341255188, 0.01954193226993084)","(0.055091265588998795, -0.005186997354030609, 0.012560805305838585)","(0.02001037262380123, -0.0027611730620265007, 0.01869948022067547)","(0.03936176002025604, 0.006059927865862846, -0.0032649380154907703)","(0.04136887565255165, 0.026402205228805542, 0.0042634569108486176)","(0.030519001185894012, 0.04779951274394989, 0.01785057783126831)","(-0.0002155823167413473, -0.006147998385131359, 0.005996589548885822)","(0.0266006737947464, 0.0036216098815202713, -0.020110923796892166)","(0.029272448271512985, 0.03353423625230789, -0.010869883000850677)","(0.013891736045479774, 0.046314507722854614, 0.011009391397237778)","(-0.014108337461948395, -0.00028352998197078705, -0.011169890873134136)","(0.011961660347878933, 0.012757664546370506, -0.030783990398049355)","(0.013909522444009781, 0.037919431924819946, -0.020136632025241852)","(3.3311545848846436e-05, 0.05157732963562012, 0.0005345619283616543)","(-0.02721248008310795, 0.015353354625403881, -0.022525930777192116)","(-0.006671425886452198, 0.014938644133508205, -0.03618809953331947)","(0.0018374184146523476, 0.030160997062921524, -0.03341616317629814)","(-0.009390365332365036, 0.038371335715055466, -0.0236363485455513)"
"(-0.028335191309452057, 0.07922874391078949, 0.03648565337061882)","(0.00538545660674572, 0.06016157194972038, 0.032422780990600586)","(0.02925720065832138, 0.03942309319972992, 0.02788970246911049)","(0.045781902968883514, 0.01617462933063507, 0.01647135056555271)","(0.05109819397330284, -0.007778538390994072, 0.004109751433134079)","(0.017904412001371384, -0.005826950538903475, 0.01986125111579895)","(0.03777395188808441, 0.004199865274131298, 0.0012692149030044675)","(0.04285978153347969, 0.02261301316320896, 0.008888778276741505)","(0.029082953929901123, 0.04335623234510422, 0.023817088454961777)","(-0.0001489508431404829, -0.0077661871910095215, 0.005727587733417749)","(0.02962358109652996, 0.0038762837648391724, -0.013710662722587585)","(0.034317903220653534, 0.030191054567694664, -0.004242292605340481)","(0.020552046597003937, 0.04190652072429657, 0.019425010308623314)","(-0.012083658948540688, 0.002613494172692299, -0.011732261627912521)","(0.01604725979268551, 0.014158119447529316, -0.02525155618786812)","(0.0205320343375206, 0.039640650153160095, -0.010925485752522945)","(0.010654672980308533, 0.04968950152397156, 0.0054487911984324455)","(-0.024470064789056778, 0.018710806965827942, -0.023200230672955513)","(-0.0013950318098068237, 0.01826329156756401, -0.03297346085309982)","(0.008271490223705769, 0.035803455859422684, -0.02206115983426571)","(-0.0012636948376893997, 0.040651582181453705, -0.011313313618302345)"
"(-0.01951550506055355, 0.07490639388561249, 0.04623131826519966)","(0.009251846000552177, 0.05188619717955589, 0.043062563985586166)","(0.031016789376735687, 0.02898523211479187, 0.038851480931043625)","(0.04474834352731705, 0.005443021655082703, 0.029589632526040077)","(0.04730954021215439, -0.017578203231096268, 0.016867708414793015)","(0.013724968768656254, -0.0112343430519104, 0.02009902335703373)","(0.03652298077940941, -0.00018187426030635834, 0.0062091164290905)","(0.043093491345644, 0.016117658466100693, 0.019126875326037407)","(0.029535144567489624, 0.031197592616081238, 0.03705368936061859)","(-0.002165344078093767, -0.007609276566654444, 0.003937292378395796)","(0.03184579312801361, 0.0030932752415537834, -0.00989849679172039)","(0.037726737558841705, 0.02437041513621807, 0.004749370738863945)","(0.0260772667825222, 0.0338374525308609, 0.027847478166222572)","(-0.008423073217272758, 0.0059625208377838135, -0.013104034587740898)","(0.02248057723045349, 0.01570058986544609, -0.020383739843964577)","(0.029006492346525192, 0.03630348667502403, -0.0039106812328100204)","(0.019498957321047783, 0.045429594814777374, 0.014462906867265701)","(-0.0160925704985857, 0.024224339053034782, -0.02044430375099182)","(0.008550871163606644, 0.024143531918525696, -0.02556377463042736)","(0.019502054899930954, 0.03916584700345993, -0.010540090501308441)","(0.010199816897511482, 0.043937839567661285, 0.0028197504580020905)"
"(-0.02772570215165615, 0.06557530909776688, 0.061108626425266266)","(-0.0014709699898958206, 0.03766380622982979, 0.056816890835762024)","(0.017835410311818123, 0.01336862612515688, 0.04669957607984543)","(0.033910565078258514, -0.010308199562132359, 0.027351265773177147)","(0.04081343859434128, -0.033998288214206696, 0.006025935988873243)","(0.008636590093374252, -0.01790180616080761, 0.0165606290102005)","(0.035758379846811295, -0.009242899715900421, 0.00750062195584178)","(0.04097583889961243, 0.003548895940184593, 0.025208376348018646)","(0.02525009959936142, 0.0111465435475111, 0.04891923815011978)","(-0.002322063548490405, -0.00788762979209423, 0.0024043519515544176)","(0.03464417904615402, -1.547485589981079e-05, -0.008690404705703259)","(0.036277417093515396, 0.014156751334667206, 0.01266249269247055)","(0.022124962881207466, 0.015790492296218872, 0.035759735852479935)","(-0.005091292783617973, 0.011200906708836555, -0.012588417157530785)","(0.026813264936208725, 0.018543748185038567, -0.016288144513964653)","(0.029893916100263596, 0.032678961753845215, 0.0057174041867256165)","(0.017284732311964035, 0.03336513042449951, 0.024867277592420578)","(-0.011208965443074703, 0.03148851543664932, -0.012906831689178944)","(0.014721372164785862, 0.031480155885219574, -0.016650667414069176)","(0.020997023209929466, 0.04156791418790817, 0.0022072948049753904)","(0.009870735928416252, 0.04059363529086113, 0.017244787886738777)"
"(-0.042021576315164566, 0.05249333009123802, 0.07173682749271393)","(-0.02187328040599823, 0.0188298262655735, 0.06358025223016739)","(-0.0035488693974912167, -0.00437610037624836, 0.05250141769647598)","(0.01242368295788765, -0.027495920658111572, 0.029043780639767647)","(0.028614040464162827, -0.053842175751924515, 0.012720663100481033)","(-0.0018275566399097443, -0.021145548671483994, 0.01059428509324789)","(0.02966698631644249, -0.019150611013174057, 0.008435658179223537)","(0.034588027745485306, -0.01161182951182127, 0.03249478340148926)","(0.015517830848693848, -0.00619325740262866, 0.057848796248435974)","(-0.002630857052281499, -0.007168948650360107, -0.0003679068759083748)","(0.036721356213092804, -0.006322632543742657, -0.0030895830132067204)","(0.03463784605264664, 0.0011686496436595917, 0.021388797089457512)","(0.020778188481926918, 0.00040208641439676285, 0.04336535185575485)","(0.002264297567307949, 0.01596231758594513, -0.008639954030513763)","(0.0341729000210762, 0.014783536083996296, -0.006390417460352182)","(0.03202544525265694, 0.02206062711775303, 0.018654996529221535)","(0.01851886510848999, 0.018227525055408478, 0.04105417802929878)","(0.0015007462352514267, 0.034424249082803726, -0.0044261435978114605)","(0.025837434455752373, 0.03505479171872139, -0.002655286341905594)","(0.027704128995537758, 0.03943866491317749, 0.016674628481268883)","(0.014501013793051243, 0.035660576075315475, 0.031496379524469376)"
"(-0.04064948484301567, 0.04275406897068024, 0.07739000022411346)","(-0.03236918896436691, 0.005251563154160976, 0.06488900631666183)","(-0.01631130650639534, -0.019001347944140434, 0.04689495265483856)","(0.0009766258299350739, -0.04240892827510834, 0.02304830029606819)","(0.013829119503498077, -0.0657104104757309, -0.002385107334703207)","(-0.010071773082017899, -0.02559889480471611, 0.0015034542884677649)","(0.020751994103193283, -0.028805062174797058, 0.006984626408666372)","(0.02608412504196167, -0.020910535007715225, 0.0337430015206337)","(0.009137367829680443, -0.017862653359770775, 0.0643349289894104)","(-0.003579931566491723, -0.0055476888082921505, -0.0038498053327202797)","(0.03445890173316002, -0.012216443195939064, 0.003124301554635167)","(0.03310699760913849, -0.00748309213668108, 0.03176884725689888)","(0.017969820648431778, -0.006952567957341671, 0.05582866817712784)","(0.008235996589064598, 0.015638357028365135, -0.00295736500993371)","(0.03777968883514404, 0.009274305775761604, 0.007404742296785116)","(0.03504812717437744, 0.01030582096427679, 0.03309465944766998)","(0.023146290332078934, 0.0136700589209795, 0.05521276593208313)","(0.01118163950741291, 0.03452719375491142, 0.010496788658201694)","(0.035025738179683685, 0.029312022030353546, 0.014538663439452648)","(0.035819731652736664, 0.02813923917710781, 0.03763299062848091)","(0.02203586883842945, 0.03074190579354763, 0.05456247553229332)"
"(-0.041031889617443085, 0.04548835754394531, 0.06621959060430527)","(-0.04353412613272667, 0.008231692016124725, 0.041474755853414536)","(-0.03654621168971062, -0.013622989878058434, 0.03331850841641426)","(-0.024921931326389313, -0.04205967113375664, 0.015099233016371727)","(-0.008902253583073616, -0.06055677682161331, 0.0004073006275575608)","(-0.019842054694890976, -0.01729176566004753, -0.004593702964484692)","(0.0005967896431684494, -0.03719418868422508, -0.0002302641951246187)","(0.006097245030105114, -0.03986797481775284, 0.017003819346427917)","(-0.005576517432928085, -0.025079742074012756, 0.037381067872047424)","(-0.0033528879284858704, -0.002690827939659357, -0.0024899502750486135)","(0.020928995683789253, -0.028514649718999863, -0.0008044377900660038)","(0.01624363660812378, -0.027032842859625816, 0.015546911396086216)","(0.009059688076376915, -0.020600497722625732, 0.034320421516895294)","(0.012899703346192837, 0.010202977806329727, 0.0009330606553703547)","(0.029986942186951637, -0.013620497658848763, 0.004245818592607975)","(0.026399511843919754, -0.013053081929683685, 0.017553668469190598)","(0.01872597448527813, -0.003278498537838459, 0.03335699066519737)","(0.02017049491405487, 0.025345128029584885, 0.012063681147992611)","(0.034221164882183075, 0.007741553708910942, 0.014804657548666)","(0.03284980356693268, 0.005928786471486092, 0.027033261954784393)","(0.02702059969305992, 0.010400244034826756, 0.034681469202041626)"
"(-0.03863897919654846, 0.032465286552906036, 0.07518909871578217)","(-0.03679146617650986, -0.00037682801485061646, 0.054805681109428406)","(-0.027800725772976875, -0.022123800590634346, 0.03706486523151398)","(-0.0151076540350914, -0.03664938732981682, 0.011715322732925415)","(-0.0049614012241363525, -0.058842241764068604, -0.010312343947589397)","(-0.013238041661679745, -0.015460419468581676, -0.005036463495343924)","(0.004553382284939289, -0.0321701280772686, -0.0006053053657524288)","(0.0074675120413303375, -0.04346194490790367, 0.022820184007287025)","(-0.0031209494918584824, -0.03974361717700958, 0.044138386845588684)","(-0.0025437255389988422, -0.0009538408485241234, -0.004123260732740164)","(0.014561188407242298, -0.020420093089342117, -0.0019508047262206674)","(0.00872325710952282, -0.025828510522842407, 0.024908071383833885)","(0.005392493214458227, -0.020547717809677124, 0.05098802596330643)","(0.010160787962377071, 0.008393095806241035, 0.001807928318157792)","(0.01943379081785679, -0.009148208424448967, 0.008646105416119099)","(0.015136245638132095, -0.01059652864933014, 0.032280854880809784)","(0.013541646301746368, -0.004601236432790756, 0.051816023886203766)","(0.01303054392337799, 0.015619252808392048, 0.015232814475893974)","(0.022071393206715584, 7.666647434234619e-05, 0.019534839317202568)","(0.020344756543636322, -0.0026696715503931046, 0.03979278728365898)","(0.015701239928603172, 0.004952205810695887, 0.05043652653694153)"
"(-0.03838697075843811, 0.03402221202850342, 0.07783717662096024)","(-0.04281649738550186, -0.0009185504168272018, 0.056322019547224045)","(-0.032010454684495926, -0.02690102532505989, 0.039948925375938416)","(-0.016920680180191994, -0.04639272391796112, 0.012218374758958817)","(-0.003605002537369728, -0.06998994946479797, -0.006922123953700066)","(-0.01674804836511612, -0.018619634211063385, -0.005849702283740044)","(0.003312329761683941, -0.03461458534002304, -0.0088262390345335)","(0.0189958605915308, -0.04658200591802597, 0.009171283803880215)","(0.027613181620836258, -0.05996120348572731, 0.030398471280932426)","(-0.0016924464143812656, -0.0012258571805432439, -0.004180168733000755)","(0.016241351142525673, -0.026790611445903778, -0.0007930232095532119)","(0.008274562656879425, -0.03697465732693672, 0.026638563722372055)","(-0.0043141599744558334, -0.03067387454211712, 0.05002712830901146)","(0.011024958454072475, 0.010334093123674393, 0.002242714399471879)","(0.021771157160401344, -0.016044598072767258, 0.009327422827482224)","(0.015281635336577892, -0.021979279816150665, 0.03362086042761803)","(0.007495824247598648, -0.016387300565838814, 0.05658196657896042)","(0.017770733684301376, 0.019867070019245148, 0.018496615812182426)","(0.028372032567858696, -0.0036113932728767395, 0.022586960345506668)","(0.021765798330307007, -0.0111940186470747, 0.04711653292179108)","(0.014219965785741806, -0.006133143324404955, 0.06178564950823784)"
"(-0.034439604729413986, 0.0341913178563118, 0.0806582048535347)","(-0.0403905063867569, -0.0006941650062799454, 0.05889676511287689)","(-0.028475632891058922, -0.026828479021787643, 0.041440449655056)","(-0.008054593577980995, -0.044415432959795, 0.012589950114488602)","(0.009363187476992607, -0.062434516847133636, -0.0063066985458135605)","(-0.01733015663921833, -0.017731904983520508, -0.0053029414266347885)","(0.004507312551140785, -0.03266454115509987, -0.008049516938626766)","(0.02112004905939102, -0.04255758598446846, 0.007406212389469147)","(0.03362398222088814, -0.054106853902339935, 0.030273422598838806)","(-0.002216431312263012, -0.0005902237608097494, -0.0036354507319629192)","(0.020536109805107117, -0.028982963413000107, -0.0028779071290045977)","(0.010611087083816528, -0.034257158637046814, 0.022798975929617882)","(-0.00234774686396122, -0.025623701512813568, 0.0457456111907959)","(0.012415208853781223, 0.010154752060770988, 0.0019703663419932127)","(0.02368016168475151, -0.01415053941309452, 0.007271755486726761)","(0.015530666336417198, -0.01891206204891205, 0.03047766722738743)","(0.00817694142460823, -0.011922190897166729, 0.05081811174750328)","(0.018673066049814224, 0.02118784561753273, 0.016280418261885643)","(0.027540020644664764, -0.0010967087000608444, 0.019827576354146004)","(0.022089120000600815, -0.007794524542987347, 0.04303038492798805)","(0.0123138427734375, -0.002181495074182749, 0.056584738194942474)"
"(-0.025136809796094894, 0.023765388876199722, 0.08580636978149414)","(-0.03203832730650902, -0.00375403743237257, 0.06209537386894226)","(-0.020285094156861305, -0.027173206210136414, 0.04334281012415886)","(-0.0007082279771566391, -0.041717734187841415, 0.01442215871065855)","(0.020321132615208626, -0.048597514629364014, -0.006633959710597992)","(-0.017193937674164772, -0.014586321078240871, -0.006494926288723946)","(0.001583946868777275, -0.02143685519695282, -0.008485938422381878)","(0.015050269663333893, -0.03231873735785484, 0.010677974671125412)","(0.019022755324840546, -0.039021220058202744, 0.03663228079676628)","(-0.0034713251516222954, -0.00044961192179471254, -0.0037433335091918707)","(0.0192921943962574, -0.025625186040997505, -0.005405941046774387)","(0.012882738374173641, -0.033416662365198135, 0.024095648899674416)","(-0.0012381039559841156, -0.022018827497959137, 0.048592135310173035)","(0.010745277628302574, 0.0068148961290717125, 0.002372290240600705)","(0.0215425007045269, -0.013827402144670486, 0.005167246330529451)","(0.017367497086524963, -0.021151522174477577, 0.027918685227632523)","(0.00892656110227108, -0.01290902029722929, 0.049911610782146454)","(0.018431691452860832, 0.016408152878284454, 0.019012343138456345)","(0.02578391507267952, -0.0022799214348196983, 0.021649548783898354)","(0.017998749390244484, -0.009406773373484612, 0.047190070152282715)","(0.014697888866066933, -0.00422319583594799, 0.061691757291555405)"
"(-0.039904311299324036, 0.06032714247703552, 0.040856797248125076)","(-0.049169741570949554, 0.028224162757396698, 0.0264095701277256)","(-0.03767816349864006, 0.00045797228813171387, 0.0214716587215662)","(-0.01648113504052162, -0.023453759029507637, 0.009367371909320354)","(0.007320065516978502, -0.02948732115328312, 0.003561993595212698)","(-0.017448119819164276, -0.01592903584241867, 0.002178741153329611)","(-0.00781219219788909, -0.021204566583037376, -0.00593620166182518)","(-0.011388257145881653, -0.018367012962698936, -0.0010569861624389887)","(-0.02759658917784691, -0.005927715916186571, 0.004598550032824278)","(-0.0009164510993286967, -0.002942165592685342, 0.001071107224561274)","(0.004738791845738888, -0.014206496067345142, -0.016318464651703835)","(-0.009838643483817577, -0.002522539347410202, -0.01405378244817257)","(-0.022167427465319633, 0.007568703964352608, 0.0036607137881219387)","(0.011179007589817047, 0.006584478076547384, -0.003247253131121397)","(0.015145950019359589, 0.002592493314296007, -0.01630408875644207)","(0.0005091177299618721, 0.012756728567183018, -0.012209518812596798)","(-0.01111261174082756, 0.023804228752851486, 0.0031282976269721985)","(0.016237342730164528, 0.028178773820400238, -0.000518136948812753)","(0.021166227757930756, 0.020116182044148445, -0.012062106281518936)","(0.009932042099535465, 0.02483430504798889, -0.016060011461377144)","(0.001552059780806303, 0.03376436233520508, -0.006446176208555698)"
"(0.006410503759980202, 0.08144764602184296, 0.02512962371110916)","(-0.014858664944767952, 0.056931693106889725, 0.03724407032132149)","(-0.02439732663333416, 0.03328857198357582, 0.03225591778755188)","(-0.0363583043217659, 0.012779916636645794, 0.027143152430653572)","(-0.04252861440181732, -0.001792973605915904, 0.014916324988007545)","(-0.010135113261640072, -0.006582918111234903, 0.023619985207915306)","(-0.03307080641388893, -0.006261532194912434, 0.014268903061747551)","(-0.043916329741477966, 0.0007363529875874519, 0.019997142255306244)","(-0.045310381799936295, 0.013177970424294472, 0.030122721567749977)","(-0.0004311871307436377, -0.0036809584125876427, 0.006379089318215847)","(-0.028357401490211487, -0.009444508701562881, -0.0064046336337924)","(-0.04339846223592758, 0.010705110616981983, 0.005454835016280413)","(-0.038425102829933167, 0.019737225025892258, 0.01984087936580181)","(0.006293490529060364, 0.002275605220347643, -0.016850214451551437)","(-0.021402666345238686, 0.00837869755923748, -0.022283945232629776)","(-0.03326356038451195, 0.02365863509476185, -0.010337437503039837)","(-0.0241687148809433, 0.034616440534591675, 0.006655730772763491)","(0.0034234547056257725, 0.021965643391013145, -0.028891045600175858)","(-0.015334708616137505, 0.02259359508752823, -0.0323093980550766)","(-0.02378254383802414, 0.03271889314055443, -0.021555596962571144)","(-0.01625947281718254, 0.04277003929018974, -0.009662941098213196)"
"(0.007358686998486519, 0.08121773600578308, 0.04229482635855675)","(-0.011484822258353233, 0.05268470197916031, 0.044703830033540726)","(-0.023724839091300964, 0.026699166744947433, 0.03513394668698311)","(-0.037554461508989334, 0.005768667906522751, 0.016403093934059143)","(-0.04485154524445534, -0.010240771807730198, -0.008506893180310726)","(-0.008403483778238297, -0.011618235148489475, 0.01980229839682579)","(-0.03677225857973099, -0.00963249709457159, 0.007822982966899872)","(-0.04645080491900444, 2.379622310400009e-05, 0.020867042243480682)","(-0.04436032474040985, 0.014182564802467823, 0.03850662708282471)","(-0.00010425189975649118, -0.004612423479557037, 0.005335645750164986)","(-0.028943995013833046, -0.010480878874659538, -0.009757691994309425)","(-0.045541152358055115, 0.010265449061989784, 0.004160604905337095)","(-0.036618221551179886, 0.020406614989042282, 0.02677314355969429)","(0.005944877862930298, 0.004574413411319256, -0.014494137838482857)","(-0.022817831486463547, 0.00962737388908863, -0.0204047579318285)","(-0.03479015454649925, 0.026027683168649673, -0.006547318771481514)","(-0.026361340656876564, 0.03786415234208107, 0.013797665014863014)","(0.003231782466173172, 0.026715794578194618, -0.022358737885951996)","(-0.017863092944025993, 0.024470848962664604, -0.026434682309627533)","(-0.025325622409582138, 0.031815510243177414, -0.014111089520156384)","(-0.018458951264619827, 0.04300476610660553, -0.0006962940096855164)"
"(0.005510883405804634, 0.08136064559221268, 0.030962692573666573)","(-0.015568089671432972, 0.05406355485320091, 0.03955644741654396)","(-0.02646629512310028, 0.030121395364403725, 0.033528152853250504)","(-0.03912721946835518, 0.00966222956776619, 0.021886995062232018)","(-0.0444442443549633, -0.0035597546957433224, 0.006488060113042593)","(-0.009789256379008293, -0.008803421631455421, 0.021141814067959785)","(-0.03370734676718712, -0.008801671676337719, 0.01189440581947565)","(-0.04414641112089157, -0.0015778434462845325, 0.019844654947519302)","(-0.043832339346408844, 0.010715192183852196, 0.032410457730293274)","(-0.00030651892302557826, -0.004088651854544878, 0.006139621138572693)","(-0.029281795024871826, -0.009568152017891407, -0.007718038745224476)","(-0.043426644057035446, 0.009100740775465965, 0.006133825518190861)","(-0.036377713084220886, 0.018337463960051537, 0.023608386516571045)","(0.006249772384762764, 0.004020870663225651, -0.01560165360569954)","(-0.021232111379504204, 0.008358857594430447, -0.021924253553152084)","(-0.032520804554224014, 0.02229786291718483, -0.008595747873187065)","(-0.022666029632091522, 0.03314169868826866, 0.009295890107750893)","(0.0032858019694685936, 0.024715548381209373, -0.02583274058997631)","(-0.015248825773596764, 0.024587159976363182, -0.029395265504717827)","(-0.02371227741241455, 0.033428091555833817, -0.01899433508515358)","(-0.0151900015771389, 0.04123581200838089, -0.006350696086883545)"
"(-0.026809923350811005, 0.024492844939231873, 0.08090085536241531)","(-0.03037121146917343, -0.007966076023876667, 0.05731635540723801)","(-0.01673753373324871, -0.030014030635356903, 0.03978917747735977)","(0.0058704400435090065, -0.04228617995977402, 0.012052115052938461)","(0.025934558361768723, -0.04169517755508423, -0.006905464455485344)","(-0.015166950412094593, -0.016192834824323654, -0.004713719245046377)","(0.003960604779422283, -0.02538464218378067, -0.0056693353690207005)","(0.01764761470258236, -0.028429318219423294, 0.01153677236288786)","(0.015892406925559044, -0.025636134669184685, 0.036730531603097916)","(-0.0018430139170959592, -0.0032330243848264217, -0.004197855945676565)","(0.026900053024291992, -0.02653898485004902, -0.006743219681084156)","(0.02482743375003338, -0.031416065990924835, 0.01410528365522623)","(0.011538420803844929, -0.024192389100790024, 0.040626924484968185)","(0.011031011119484901, 0.00813436508178711, 0.00025707637541927397)","(0.03270260989665985, -0.014246325008571148, 0.0014503541169688106)","(0.026518192142248154, -0.02173646166920662, 0.015446798875927925)","(0.0108935022726655, -0.016865016892552376, 0.040165722370147705)","(0.01741563156247139, 0.022113831713795662, 0.017779000103473663)","(0.03556287661194801, 0.000506822019815445, 0.013942079618573189)","(0.02877121791243553, -0.009601443074643612, 0.0316711887717247)","(0.021830804646015167, -0.006046727299690247, 0.048803359270095825)"
"(-0.02682039514183998, 0.018174773082137108, 0.08312904089689255)","(-0.029662806540727615, -0.009997141547501087, 0.05787457153201103)","(-0.014517737552523613, -0.03271273896098137, 0.039056647568941116)","(0.006245899945497513, -0.0402010902762413, 0.010719132609665394)","(0.022798819467425346, -0.043443821370601654, -0.010186106897890568)","(-0.013364451006054878, -0.014965280890464783, -0.006641367916017771)","(0.004260863643139601, -0.020993169397115707, -0.008143415674567223)","(0.01438575517386198, -0.02365017868578434, 0.01378583163022995)","(0.00827115960419178, -0.0256182961165905, 0.04060529172420502)","(-0.0026048454456031322, -0.0008122054859995842, -0.004417922347784042)","(0.02825939655303955, -0.023047583177685738, -0.0071244873106479645)","(0.022587236016988754, -0.027462147176265717, 0.017142681404948235)","(0.007450235541909933, -0.018345128744840622, 0.041855838149785995)","(0.010101967491209507, 0.007197269704192877, 0.002170074265450239)","(0.03117978572845459, -0.009040683507919312, 0.0020462339743971825)","(0.026095258072018623, -0.01772673986852169, 0.022713324055075645)","(0.015473310835659504, -0.012963424436748028, 0.04630397632718086)","(0.015838472172617912, 0.017200659960508347, 0.01900601200759411)","(0.034279756247997284, 0.0010989326983690262, 0.016184689477086067)","(0.027344685047864914, -0.010556734167039394, 0.03731881454586983)","(0.01710490696132183, -0.004598643630743027, 0.05230455473065376)"
"(0.0036825351417064667, 0.08055011928081512, 0.032082606106996536)","(-0.01643550395965576, 0.053966693580150604, 0.04077158868312836)","(-0.02666078507900238, 0.03115558810532093, 0.031010249629616737)","(-0.0427761971950531, 0.010085957124829292, 0.01300207618623972)","(-0.049655817449092865, -0.0036523505114018917, -0.006302021909505129)","(-0.008444680832326412, -0.007117835804820061, 0.02144615910947323)","(-0.03435287997126579, -0.01007739920169115, 0.01318384986370802)","(-0.04798382893204689, -0.00422085914760828, 0.018384356051683426)","(-0.052472107112407684, 0.009676940739154816, 0.02764197252690792)","(0.0004888397525064647, -0.003397915046662092, 0.005843793507665396)","(-0.030566561967134476, -0.009845849126577377, -0.005644357297569513)","(-0.04731104522943497, 0.008277379907667637, 0.0063277049921453)","(-0.04605448246002197, 0.01688459888100624, 0.021256674081087112)","(0.004522135015577078, 0.004211887717247009, -0.015599933452904224)","(-0.023508548736572266, 0.008433682844042778, -0.019518442451953888)","(-0.03703735023736954, 0.02050534449517727, -0.0082929115742445)","(-0.03210251405835152, 0.029956374317407608, 0.009535863064229488)","(0.002581072738394141, 0.024769645184278488, -0.025713764131069183)","(-0.016237804666161537, 0.02257699705660343, -0.029032064601778984)","(-0.02806977368891239, 0.03045215830206871, -0.01994282566010952)","(-0.024180050939321518, 0.03744234889745712, -0.0074455165304243565)"
"(-0.026917146518826485, 0.01392577774822712, 0.08152566105127335)","(-0.02910885401070118, -0.012325441464781761, 0.05724942311644554)","(-0.014836194925010204, -0.032640617340803146, 0.036700233817100525)","(0.004168147221207619, -0.04050226882100105, 0.007948397658765316)","(0.014234133064746857, -0.05594892427325249, -0.016057714819908142)","(-0.012625949457287788, -0.020067598670721054, -0.005384283605962992)","(0.0037080151960253716, -0.020227817818522453, -0.009845546446740627)","(0.017097581177949905, -0.02162593975663185, 0.012238799594342709)","(0.015539491549134254, -0.02782583236694336, 0.04087240993976593)","(-0.0021491292864084244, -0.001000986434519291, -0.004588876385241747)","(0.028203831985592842, -0.021267851814627647, -0.008547415025532246)","(0.02478586882352829, -0.02769719623029232, 0.014404288493096828)","(0.010117918252944946, -0.021480083465576172, 0.042320843786001205)","(0.009132364764809608, 0.008006627671420574, 0.0005252414848655462)","(0.02884288690984249, -0.006805220618844032, 0.00013478362234309316)","(0.025567304342985153, -0.014433862641453743, 0.023298241198062897)","(0.017850881442427635, -0.011365753598511219, 0.05067003145813942)","(0.014515981078147888, 0.02046077512204647, 0.01745169796049595)","(0.032543864101171494, 0.006993266753852367, 0.014425234869122505)","(0.03126343712210655, -0.00856095366179943, 0.03438606485724449)","(0.021456604823470116, -0.004248550161719322, 0.05483932048082352)"
"(-0.02772662602365017, 0.020766103640198708, 0.07663363218307495)","(-0.02878742478787899, -0.009762883186340332, 0.0544908307492733)","(-0.01608109101653099, -0.029435431584715843, 0.036063190549612045)","(0.004345390014350414, -0.03897655010223389, 0.005779130384325981)","(0.015682242810726166, -0.05285806953907013, -0.010426963679492474)","(-0.01410892978310585, -0.01646874099969864, -0.00490221893414855)","(0.005969464313238859, -0.02287488617002964, -0.006729991640895605)","(0.019735505804419518, -0.02541428990662098, 0.012325978837907314)","(0.018982836976647377, -0.025626493617892265, 0.039924316108226776)","(-0.0027820474933832884, -0.0011352489236742258, -0.004053400829434395)","(0.02935362048447132, -0.024479344487190247, -0.005055572837591171)","(0.02402474172413349, -0.02967827208340168, 0.016265273094177246)","(0.010012123733758926, -0.021395735442638397, 0.04201648756861687)","(0.011574347503483295, 0.007999571040272713, 0.0004026332462672144)","(0.032758645713329315, -0.010259895585477352, 0.001711198128759861)","(0.02859886735677719, -0.01775500737130642, 0.021120818331837654)","(0.014799672178924084, -0.015297388657927513, 0.045008376240730286)","(0.017732419073581696, 0.022576002404093742, 0.01578631065785885)","(0.03700747340917587, 0.006157404743134975, 0.013394882902503014)","(0.03335268795490265, -0.008508451282978058, 0.03235664591193199)","(0.02293599396944046, -0.007441340945661068, 0.04940473660826683)"
"(-0.026581386104226112, 0.02085152454674244, 0.07717198133468628)","(-0.02784978784620762, -0.00827461015433073, 0.05179596319794655)","(-0.015577785670757294, -0.02713262476027012, 0.035116180777549744)","(0.005518581718206406, -0.0352645218372345, 0.005679684691131115)","(0.01645779237151146, -0.04776739701628685, -0.010381667874753475)","(-0.014222956262528896, -0.01365937665104866, -0.005324267316609621)","(0.002524921204894781, -0.01806722953915596, -0.009184387512505054)","(0.015266628935933113, -0.020339399576187134, 0.008799414150416851)","(0.015175946988165379, -0.0221854280680418, 0.031058378517627716)","(-0.0024660401977598667, -0.0008055780199356377, -0.0034035262651741505)","(0.025834452360868454, -0.02477380260825157, -0.006071978714317083)","(0.02182757295668125, -0.02954510599374771, 0.014026571065187454)","(0.0068373349495232105, -0.02226066216826439, 0.038976315408945084)","(0.01102734636515379, 0.006029012147337198, 0.001063958858139813)","(0.030679723247885704, -0.011341341771185398, 0.0026290882378816605)","(0.02599324658513069, -0.019263561815023422, 0.01963014155626297)","(0.014486397616565228, -0.01411374844610691, 0.04329473525285721)","(0.017411615699529648, 0.017883069813251495, 0.016272880136966705)","(0.03316619247198105, 0.000981176272034645, 0.013329850509762764)","(0.02868364192545414, -0.010851512663066387, 0.03360876441001892)","(0.020401334390044212, -0.0070485989563167095, 0.04875054955482483)"
"(-0.025544367730617523, 0.021501343697309494, 0.07741190493106842)","(-0.025118974968791008, -0.007614164613187313, 0.055562861263751984)","(-0.013621066696941853, -0.02637370489537716, 0.036357320845127106)","(0.006958430632948875, -0.034426119178533554, 0.007543472107499838)","(0.017675919458270073, -0.046575020998716354, -0.008124375715851784)","(-0.01318705640733242, -0.013849839568138123, -0.0055754538625478745)","(0.0053078061901032925, -0.019431455060839653, -0.004887096583843231)","(0.01759590581059456, -0.022983400151133537, 0.015868686139583588)","(0.01263687014579773, -0.024096570909023285, 0.042324189096689224)","(-0.0026656375266611576, -0.0010802022879943252, -0.0036145965568721294)","(0.02488933689892292, -0.022879082709550858, -0.006933142896741629)","(0.020754510536789894, -0.027234354987740517, 0.01614399254322052)","(0.009417645633220673, -0.016669850796461105, 0.04087691381573677)","(0.0099366819486022, 0.005407721269875765, 6.203583325259387e-05)","(0.027766499668359756, -0.009966894052922726, 0.0015843040309846401)","(0.023309413343667984, -0.015583183616399765, 0.019832152873277664)","(0.012847060337662697, -0.009692525491118431, 0.04230639338493347)","(0.015244590118527412, 0.018287349492311478, 0.015523492358624935)","(0.03183633089065552, 0.0031285360455513, 0.01325543038547039)","(0.027386795729398727, -0.0067573972046375275, 0.033215492963790894)","(0.019131135195493698, -0.001245846040546894, 0.04967566579580307)"
"(0.003790784627199173, 0.07764889299869537, 0.05066255107522011)","(-0.011210191994905472, 0.04724043235182762, 0.05112972483038902)","(-0.0231061689555645, 0.021244408562779427, 0.04009876027703285)","(-0.036374375224113464, 8.333846926689148e-05, 0.018457122147083282)","(-0.04556223005056381, -0.016815561801195145, -0.007867076434195042)","(-0.00570694450289011, -0.014628640376031399, 0.018668601289391518)","(-0.03221844509243965, -0.012793615460395813, 0.00746569549664855)","(-0.04274345561861992, -0.006426067557185888, 0.019034987315535545)","(-0.0435916967689991, 0.004973243921995163, 0.0382082536816597)","(0.00040607136907055974, -0.004366857931017876, 0.004058471415191889)","(-0.028154291212558746, -0.011634470894932747, -0.009019493125379086)","(-0.04531269147992134, 0.00745250191539526, 0.0063148424960672855)","(-0.037356726825237274, 0.01659899391233921, 0.03322092071175575)","(0.0045230938121676445, 0.006710194982588291, -0.013489099219441414)","(-0.02547222375869751, 0.009386383928358555, -0.018483977764844894)","(-0.035499654710292816, 0.02533353492617607, -0.0007152427569963038)","(-0.02806476131081581, 0.03639765456318855, 0.021329104900360107)","(-0.000599465798586607, 0.029583269730210304, -0.019752606749534607)","(-0.022160351276397705, 0.027067018672823906, -0.022298581898212433)","(-0.028870228677988052, 0.03182752802968025, -0.008928089402616024)","(-0.020694535225629807, 0.041289396584033966, 0.0047970847226679325)"
"(0.004482917487621307, 0.07463056594133377, 0.05452413856983185)","(-0.01060028187930584, 0.045843254774808884, 0.05359230190515518)","(-0.021663762629032135, 0.019267408177256584, 0.04061587154865265)","(-0.03498804196715355, -3.7857331335544586e-05, 0.015868160873651505)","(-0.043283380568027496, -0.016043059527873993, -0.012791693210601807)","(-0.005146909970790148, -0.016046712175011635, 0.018405552953481674)","(-0.03140351176261902, -0.011906260624527931, 0.006538779940456152)","(-0.04096699506044388, -0.005303920246660709, 0.019294502213597298)","(-0.04189983382821083, 0.006479865871369839, 0.04059256613254547)","(0.000558755942620337, -0.004900604952126741, 0.0036963217426091433)","(-0.026663947850465775, -0.011516879312694073, -0.008709925226867199)","(-0.04355710372328758, 0.006582103669643402, 0.008498202078044415)","(-0.039161667227745056, 0.017316317185759544, 0.03489562124013901)","(0.003947695717215538, 0.007018636912107468, -0.013182274997234344)","(-0.025351515039801598, 0.00973278284072876, -0.018311716616153717)","(-0.0363427996635437, 0.0248216912150383, 0.00024095826665870845)","(-0.031766511499881744, 0.03580132871866226, 0.02449079416692257)","(-0.0019168620929121971, 0.030334994196891785, -0.01916622184216976)","(-0.021334098652005196, 0.026013346388936043, -0.021905791014432907)","(-0.02885492891073227, 0.030733078718185425, -0.007405481766909361)","(-0.02306780219078064, 0.04045223817229271, 0.008075851015746593)"
"(0.007665714249014854, 0.0760650783777237, 0.056655339896678925)","(-0.008589556440711021, 0.045443881303071976, 0.05496333912014961)","(-0.02138601802289486, 0.018446199595928192, 0.04319542273879051)","(-0.036123499274253845, -0.0020844116806983948, 0.020227519795298576)","(-0.04680604115128517, -0.019648877903819084, -0.006386775057762861)","(-0.005283452570438385, -0.016191711649298668, 0.019192637875676155)","(-0.033093951642513275, -0.012674174271523952, 0.00676499679684639)","(-0.04379460960626602, -0.005056648515164852, 0.021946251392364502)","(-0.043209612369537354, 0.009842762723565102, 0.045072056353092194)","(0.0004046979593113065, -0.005710243247449398, 0.003106979886069894)","(-0.028646409511566162, -0.009182021021842957, -0.008706408552825451)","(-0.043211180716753006, 0.009435772895812988, 0.009834639728069305)","(-0.03693821281194687, 0.019349317997694016, 0.036530833691358566)","(0.004580461420118809, 0.008278986439108849, -0.013453301973640919)","(-0.02676187828183174, 0.011096466332674026, -0.01812645047903061)","(-0.03517035022377968, 0.027243373915553093, 0.00305741373449564)","(-0.028892269358038902, 0.036578718572854996, 0.026770463213324547)","(-0.0006321407854557037, 0.03150259703397751, -0.019119154661893845)","(-0.023193679749965668, 0.02736050821840763, -0.021289221942424774)","(-0.03048725053668022, 0.03387732803821564, -0.005586364306509495)","(-0.024569479748606682, 0.04290428012609482, 0.01084878295660019)"
"(0.014445656910538673, 0.07505350559949875, 0.058132998645305634)","(-0.004465897101908922, 0.04382149875164032, 0.058911364525556564)","(-0.018910732120275497, 0.015170849859714508, 0.04670588672161102)","(-0.03192614018917084, -0.004897330421954393, 0.026118043810129166)","(-0.043965913355350494, -0.02295161597430706, 0.003004584228619933)","(-0.005749437026679516, -0.01728202775120735, 0.017684446647763252)","(-0.0326932817697525, -0.010712163522839546, 0.006270034238696098)","(-0.04118300974369049, -0.0021805502474308014, 0.022924110293388367)","(-0.038979459553956985, 0.009085340425372124, 0.04687444493174553)","(0.0006664892425760627, -0.006072484888136387, 0.0025863556656986475)","(-0.029280127957463264, -0.007189528550952673, -0.008450046181678772)","(-0.041705768555402756, 0.011625300161540508, 0.011406823061406612)","(-0.03222241252660751, 0.01994132436811924, 0.03571060299873352)","(0.00445034122094512, 0.008834281004965305, -0.01348172128200531)","(-0.025966504588723183, 0.015341484919190407, -0.016331402584910393)","(-0.0342332124710083, 0.03014780953526497, 0.004245026037096977)","(-0.02268032357096672, 0.03768277168273926, 0.0277940072119236)","(-0.000513729639351368, 0.033623140305280685, -0.016975322738289833)","(-0.021613501012325287, 0.030202293768525124, -0.01873760297894478)","(-0.02747855708003044, 0.037751153111457825, -0.0017195743275806308)","(-0.01863010600209236, 0.04516297206282616, 0.014423200860619545)"
"(0.02550358511507511, 0.06154487654566765, 0.06832892447710037)","(0.0020119831897318363, 0.030062483623623848, 0.06208764761686325)","(-0.013289584778249264, 0.00408654659986496, 0.05272594839334488)","(-0.03456800803542137, -0.01420147530734539, 0.024826396256685257)","(-0.044074755162000656, -0.027694333344697952, 0.00032611622009426355)","(-0.0047286455519497395, -0.015096201561391354, 0.01451933290809393)","(-0.03302900493144989, -0.009728079661726952, 0.007621211465448141)","(-0.04133094474673271, -0.0008790264837443829, 0.02298709936439991)","(-0.030079858377575874, 0.0058632344007492065, 0.04552192986011505)","(0.00034096758463419974, -0.005707652308046818, 0.0010151767637580633)","(-0.029293473809957504, -0.0027768039144575596, -0.009352595545351505)","(-0.037777021527290344, 0.013262473046779633, 0.012011045590043068)","(-0.025894271209836006, 0.01064605638384819, 0.033575639128685)","(0.006095985881984234, 0.011734343133866787, -0.009484286420047283)","(-0.025897156447172165, 0.017692560330033302, -0.01412372849881649)","(-0.029206888750195503, 0.02755785547196865, 0.008699661120772362)","(-0.019182173535227776, 0.026699120178818703, 0.02878591977059841)","(0.0028746910393238068, 0.03620240092277527, -0.011140174232423306)","(-0.02140091173350811, 0.03314279019832611, -0.010170115157961845)","(-0.02428649365901947, 0.040697503834962845, 0.005556800402700901)","(-0.012666672468185425, 0.034648098051548004, 0.015257642604410648)"
"(0.0311338659375906, 0.04524683207273483, 0.07775996625423431)","(0.003510630689561367, 0.019345104694366455, 0.06818220019340515)","(-0.016458716243505478, -0.001531725749373436, 0.05432713404297829)","(-0.03590226173400879, -0.015027537941932678, 0.02739364095032215)","(-0.04738175868988037, -0.027588780969381332, -0.0019620016682893038)","(-0.007618682458996773, -0.01772347465157509, 0.009771191515028477)","(-0.03075096197426319, -0.005940149538218975, 0.005941719748079777)","(-0.038201458752155304, 0.004755761474370956, 0.028606818988919258)","(-0.028074678033590317, 0.005731860641390085, 0.05119457095861435)","(2.7262140065431595e-05, -0.00530881155282259, -0.00044002485810779035)","(-0.029546519741415977, 0.004885263741016388, -0.009000190533697605)","(-0.032306842505931854, 0.019093239679932594, 0.01827160455286503)","(-0.024328146129846573, 0.013442251831293106, 0.03876202926039696)","(0.005995418410748243, 0.011655079200863838, -0.0075442614033818245)","(-0.021161237731575966, 0.02571938931941986, -0.008339119143784046)","(-0.024864597246050835, 0.03225629776716232, 0.015972750261425972)","(-0.01585620827972889, 0.028658095747232437, 0.036820657551288605)","(0.007140534929931164, 0.036717738956213, -0.004396568518131971)","(-0.014476608484983444, 0.03993096947669983, -0.001746498397551477)","(-0.017517907544970512, 0.04463573545217514, 0.014612785540521145)","(-0.008068461902439594, 0.038593590259552, 0.025335758924484253)"
