"(-0.040317848324775696, 0.0612170435488224, 0.04751637950539589)","(-0.004590163007378578, 0.047615014016628265, 0.038998741656541824)","(0.023306041955947876, 0.03506474941968918, 0.024676980450749397)","(0.04731452465057373, 0.014840563759207726, 0.005278972443193197)","(0.06271544098854065, -0.003947556018829346, -0.007905194535851479)","(0.023777838796377182, -0.002742917276918888, 0.008206874132156372)","(0.03534473106265068, -0.02437341772019863, -0.0020010806620121002)","(0.04321001470088959, -0.04390373080968857, -0.008521104231476784)","(0.04926469922065735, -0.060843534767627716, -0.034150779247283936)","(0.003667929908260703, -0.005088799633085728, 0.004310148302465677)","(0.01494653057307005, -0.03092614747583866, -0.01370934210717678)","(0.020834410563111305, -0.05416412279009819, -0.03152589499950409)","(0.027156980708241463, -0.07171956449747086, -0.050717540085315704)","(-0.014937782660126686, -0.00012172618880867958, -0.005725276656448841)","(-0.007701441645622253, -0.024643592536449432, -0.02008189633488655)","(-0.005139222368597984, -0.044892679899930954, -0.03727954253554344)","(0.003925301134586334, -0.06340328603982925, -0.05872486159205437)","(-0.03750254586338997, 0.009638904593884945, -0.009191425517201424)","(-0.033380649983882904, -0.008958445861935616, -0.020805884152650833)","(-0.030875537544488907, -0.0214653592556715, -0.03747144341468811)","(-0.027218056842684746, -0.03539738431572914, -0.059372227638959885)"
"(0.012179315090179443, -0.011593223549425602, 0.01795124262571335)","(0.018270015716552734, -0.007472860161215067, 0.010660701431334019)","(0.035258397459983826, -0.015647917985916138, -0.0023050764575600624)","(0.039215296506881714, -0.024115700274705887, -0.007365980185568333)","(0.03496883437037468, -0.04504082724452019, -0.015316182747483253)","(0.009905901737511158, -0.0017051228787750006, -0.0019397316500544548)","(-0.003116995096206665, -0.00943523459136486, 0.005918881390243769)","(-0.011667340993881226, -0.01964838057756424, 0.010817593894898891)","(-0.023060379549860954, -0.02833602763712406, 0.022387690842151642)","(-0.0021197269670665264, -0.002375940792262554, 0.0015775588108226657)","(-0.00517573906108737, -0.009021304547786713, 0.0021943224128335714)","(-0.018876779824495316, -0.00924629531800747, -0.0013458050088956952)","(-0.024193620309233665, -0.014052273705601692, 0.018072791397571564)","(-0.005585504695773125, -0.0025898651219904423, 0.0002401561214355752)","(-0.014779942110180855, -0.004467979073524475, 0.005570868030190468)","(-0.02643744833767414, -0.003071817569434643, 0.01348384190350771)","(-0.032968319952487946, -0.007515626959502697, 0.02463086135685444)","(-0.0117708845064044, 0.0010739415884017944, 0.007762114051729441)","(-0.020200323313474655, -0.003833926282823086, 0.005052139051258564)","(-0.026970215141773224, -0.007782618515193462, 0.008232558146119118)","(-0.034842539578676224, -0.0038859518244862556, 0.022898977622389793)"
"(-0.05430326983332634, 0.05855334922671318, 0.04634309187531471)","(-0.014907622709870338, 0.05550846457481384, 0.03831060975790024)","(0.01712285913527012, 0.04198034852743149, 0.02400725521147251)","(0.04151908680796623, 0.027582241222262383, 0.0003958757733926177)","(0.05364750698208809, -0.00019185058772563934, -0.014420141465961933)","(0.027133341878652573, 0.000608738511800766, 0.007016845513135195)","(0.03554077073931694, -0.01706891506910324, -0.002250464167445898)","(0.044083934277296066, -0.03855624049901962, -0.00675657344982028)","(0.051401957869529724, -0.05116906762123108, -0.029904553666710854)","(0.004805710632354021, -0.005826830398291349, 0.0032057790085673332)","(0.019150670617818832, -0.03165615722537041, -0.0064367251470685005)","(0.027515456080436707, -0.0537538006901741, -0.019051173701882362)","(0.0356060154736042, -0.06602451205253601, -0.044537074863910675)","(-0.016901232302188873, -0.003617399837821722, -0.00637844018638134)","(-0.006786335725337267, -0.02845168299973011, -0.012740010395646095)","(-5.052424967288971e-05, -0.0425800085067749, -0.03210457041859627)","(0.01264110766351223, -0.05479201674461365, -0.060784026980400085)","(-0.038904495537281036, 0.004189329221844673, -0.007839667610824108)","(-0.033565085381269455, -0.016506552696228027, -0.017904575914144516)","(-0.02528473734855652, -0.027631260454654694, -0.02761608548462391)","(-0.022149279713630676, -0.0456681102514267, -0.04703250154852867)"
"(0.00771307572722435, 0.06900437921285629, 0.022147543728351593)","(0.026840291917324066, 0.05029842630028725, 0.019057197496294975)","(0.03129551187157631, 0.026546889916062355, 0.012041713111102581)","(0.03107355907559395, 0.006723085418343544, 0.00046696048229932785)","(0.02761027216911316, -0.0053794109262526035, -0.0024614951107650995)","(0.0205992478877306, -0.004767106845974922, 0.0035055074840784073)","(0.03186192736029625, -0.031854547560214996, -0.006294804625213146)","(0.03381448984146118, -0.047489386051893234, -0.002620923100039363)","(0.04329589381814003, -0.0659547820687294, -0.010864882729947567)","(0.0011993449879810214, -0.0022327143233269453, 0.0031945081427693367)","(0.003956549800932407, -0.036207765340805054, -0.009144922718405724)","(0.013454337604343891, -0.05793044716119766, -0.009824633598327637)","(0.021294239908456802, -0.07641924917697906, -0.014388601295650005)","(-0.014915207400918007, 0.0014111222699284554, -0.002604224719107151)","(-0.011801058426499367, -0.028228547424077988, -0.010745637118816376)","(-0.008144093677401543, -0.04615583270788193, -0.012556959874927998)","(0.0005730763077735901, -0.06644585728645325, -0.014521284028887749)","(-0.028810113668441772, 0.01570667326450348, -0.0023921802639961243)","(-0.035807810723781586, -0.005507967434823513, -0.0024807308800518513)","(-0.036990486085414886, -0.022699907422065735, -0.0035947682335972786)","(-0.03221113234758377, -0.036259975284338, -0.00890548899769783)"
"(0.0331251360476017, 0.03419830650091171, 0.056472864001989365)","(0.03555508702993393, 0.008316168561577797, 0.042841456830501556)","(0.033991895616054535, -0.014627236872911453, 0.023923508822917938)","(0.03561081737279892, -0.03447643667459488, -0.00047363180783577263)","(0.03916952759027481, -0.05500525236129761, -0.0230568815022707)","(0.004322524648159742, -0.010959683917462826, -0.0027291581500321627)","(-0.008181300014257431, -0.027359874919056892, -0.00868916790932417)","(-0.021781306713819504, -0.038507796823978424, 0.0012236962793394923)","(-0.0352993942797184, -0.04599250480532646, 0.016011567786335945)","(-0.0015665859682485461, -0.0008744660881347954, -0.001449047471396625)","(-0.02034055069088936, -0.019827861338853836, -0.0023827969562262297)","(-0.04364114999771118, -0.029607493430376053, 0.004698160570114851)","(-0.0564727708697319, -0.03829697519540787, 0.02069922909140587)","(-0.0035600471310317516, 0.006271161139011383, 0.0001003726792987436)","(-0.02564486488699913, -0.0036434950307011604, -0.0006765098660252988)","(-0.04311284422874451, -0.009376095607876778, 0.0055907065980136395)","(-0.05680112540721893, -0.019841669127345085, 0.01774013042449951)","(-0.0075152963399887085, 0.01805693283677101, 0.01343052089214325)","(-0.023561274632811546, 0.010045291855931282, 0.007678710389882326)","(-0.03904300183057785, 0.0038437945768237114, 0.0070161111652851105)","(-0.052053675055503845, 5.316734313964844e-05, 0.006604894995689392)"
"(0.035319216549396515, 0.03325018286705017, 0.06051076203584671)","(0.0365276113152504, 0.004896823316812515, 0.04384265094995499)","(0.03669288381934166, -0.01751532219350338, 0.025730084627866745)","(0.034870125353336334, -0.03868534415960312, 0.0035066192504018545)","(0.03231995552778244, -0.05838125944137573, -0.024431543424725533)","(0.0051150210201740265, -0.009304074570536613, -0.005571386311203241)","(-0.003843865357339382, -0.027573684230446815, -0.006755812093615532)","(-0.019120613113045692, -0.04181647300720215, 0.00569909205660224)","(-0.037379663437604904, -0.04706727713346481, 0.021735651418566704)","(-0.0017281047767028213, 0.00014023366384208202, -0.002285268157720566)","(-0.02038257010281086, -0.017760224640369415, 0.0020843776874244213)","(-0.043959666043519974, -0.02797606959939003, 0.007096763234585524)","(-0.06034688651561737, -0.04197452962398529, 0.030339790508151054)","(-0.005120276939123869, 0.005979825276881456, 0.00135970173869282)","(-0.02640639804303646, -0.003361091949045658, 0.004676438868045807)","(-0.042387496680021286, -0.007566662505269051, 0.01231319922953844)","(-0.054328784346580505, -0.017439275979995728, 0.024721065536141396)","(-0.009419310837984085, 0.017069436609745026, 0.015417229384183884)","(-0.022163530811667442, 0.014292770996689796, 0.013474435545504093)","(-0.042829710990190506, 0.01020658016204834, 0.01499458122998476)","(-0.05224617198109627, 0.005065334960818291, 0.014100028201937675)"
"(0.03230785205960274, 0.042722318321466446, 0.06860454380512238)","(0.03857787325978279, 0.009993129409849644, 0.048101868480443954)","(0.04042894393205643, -0.013091950677335262, 0.030157972127199173)","(0.03931499645113945, -0.03251924738287926, 0.0057775103487074375)","(0.03625241294503212, -0.051870234310626984, -0.021594274789094925)","(0.009754166007041931, -0.01200786605477333, -0.005620103795081377)","(-0.0015355078503489494, -0.029651325196027756, -0.007177677005529404)","(-0.018565738573670387, -0.04582665115594864, 0.007665226701647043)","(-0.03547702729701996, -0.053132738918066025, 0.02555137500166893)","(-0.0007505847606807947, -0.0011179035063832998, -0.0032541153486818075)","(-0.021063219755887985, -0.020949795842170715, -0.0006983928615227342)","(-0.04561604559421539, -0.0332312136888504, 0.010506953112781048)","(-0.06076759099960327, -0.04823712259531021, 0.03797684237360954)","(-0.00785069353878498, 0.006833476014435291, 0.0024521751329302788)","(-0.031073972582817078, -0.007130343466997147, 0.006476007867604494)","(-0.050739217549562454, -0.01520721334964037, 0.015442240051925182)","(-0.06405355036258698, -0.02819078229367733, 0.02785751223564148)","(-0.015668917447328568, 0.01946336030960083, 0.017086796462535858)","(-0.03367828205227852, 0.011987054720520973, 0.01817198283970356)","(-0.05218428000807762, 0.0021355589851737022, 0.02260628528892994)","(-0.06129012256860733, -0.005002763122320175, 0.021892836317420006)"
"(0.029989928007125854, 0.04613681137561798, 0.07263463735580444)","(0.03837382048368454, 0.01598181203007698, 0.05250653624534607)","(0.04393550008535385, -0.010379093699157238, 0.02947401814162731)","(0.03989714756608009, -0.030508700758218765, 0.004254073370248079)","(0.035915881395339966, -0.04907965660095215, -0.026780258864164352)","(0.014539288356900215, -0.012043491005897522, -0.005029973573982716)","(5.286652594804764e-06, -0.030816584825515747, -0.006099135149270296)","(-0.018225664272904396, -0.04866943880915642, 0.005398567300289869)","(-0.033537235110998154, -0.05485193431377411, 0.026739254593849182)","(-0.0007130776066333055, -0.002017437480390072, -0.003374390071257949)","(-0.02185775153338909, -0.02507142163813114, -0.0019531622529029846)","(-0.04253597557544708, -0.03975360095500946, 0.010031724348664284)","(-0.057995669543743134, -0.05498015880584717, 0.034500602632761)","(-0.009777460247278214, 0.00698986928910017, 0.0026962871197611094)","(-0.03269629180431366, -0.01198834739625454, 0.00494593707844615)","(-0.049452491104602814, -0.024463918060064316, 0.014505507424473763)","(-0.060564663261175156, -0.037832390516996384, 0.026999149471521378)","(-0.02016173116862774, 0.021097863093018532, 0.018464909866452217)","(-0.03627841919660568, 0.00680483179166913, 0.019365916028618813)","(-0.049488477408885956, -0.004059772007167339, 0.02065718173980713)","(-0.0569586455821991, -0.012717354111373425, 0.019861208274960518)"
"(0.03417470306158066, 0.07041014730930328, 0.03805696219205856)","(0.05098016560077667, 0.040739405900239944, 0.017025666311383247)","(0.06252322345972061, 0.009881354868412018, -0.0005746270762756467)","(0.06427697092294693, -0.01938864216208458, -0.01930668018758297)","(0.06336510181427002, -0.045077066868543625, -0.025919198989868164)","(0.020396798849105835, -0.015659784898161888, -0.0010170222958549857)","(0.008719092234969139, -0.03806418180465698, -0.010061509907245636)","(-0.0034438958391547203, -0.05662357062101364, -0.01761597953736782)","(-0.015503598377108574, -0.06509026139974594, -0.04086384177207947)","(-0.0013840531464666128, -0.0059206015430390835, 0.003415161743760109)","(-0.02110215649008751, -0.030788343399763107, -0.011374314315617085)","(-0.032832495868206024, -0.04263749346137047, -0.03184199705719948)","(-0.042838893830776215, -0.0532817579805851, -0.05259540304541588)","(-0.0159047432243824, 0.009386882185935974, 0.0010063775116577744)","(-0.03445828706026077, -0.012386680580675602, -0.014072836376726627)","(-0.04437673091888428, -0.023202355951070786, -0.02861749194562435)","(-0.05388969928026199, -0.03663419559597969, -0.04792558774352074)","(-0.023715879768133163, 0.03142104670405388, -0.001001047668978572)","(-0.04193355143070221, 0.01740007847547531, -0.009009375236928463)","(-0.05413147434592247, 0.006251981481909752, -0.023336410522460938)","(-0.06618854403495789, -0.002906802808865905, -0.037063904106616974)"
"(0.032282326370477676, 0.0692194327712059, 0.05158678814768791)","(0.04549318552017212, 0.0401148647069931, 0.032171785831451416)","(0.05694388598203659, 0.013645583763718605, 0.013162104412913322)","(0.05544012784957886, -0.012891172431409359, -0.008130421862006187)","(0.04996902495622635, -0.035045601427555084, -0.023071181029081345)","(0.01587647758424282, -0.015780413523316383, 0.0034870572853833437)","(0.0029736068099737167, -0.03753853216767311, -0.006777141708880663)","(-0.009511753916740417, -0.05387730151414871, -0.015052331611514091)","(-0.021715259179472923, -0.06408856064081192, -0.041317105293273926)","(-0.0029753115959465504, -0.00544211408123374, 0.0026170695200562477)","(-0.01759643666446209, -0.027560709044337273, -0.01855684630572796)","(-0.017009258270263672, -0.028426216915249825, -0.04330851882696152)","(-0.01392824575304985, -0.019984839484095573, -0.06682924926280975)","(-0.012305725365877151, 0.008976726792752743, -0.0013920377241447568)","(-0.027099059894680977, -0.007876724936068058, -0.020741792395710945)","(-0.028505003079771996, -0.009860830381512642, -0.045821044594049454)","(-0.021880201995372772, -0.003387102857232094, -0.07113050669431686)","(-0.018168821930885315, 0.032586559653282166, -0.0028224303387105465)","(-0.035761989653110504, 0.021330203860998154, -0.014092907309532166)","(-0.0452570877969265, 0.013038791716098785, -0.03377155959606171)","(-0.04816116392612457, 0.01070760004222393, -0.05204093083739281)"
"(-0.017515916377305984, 0.03113667294383049, 0.08145464956760406)","(0.009709379635751247, 0.011848274618387222, 0.06270838528871536)","(0.021404646337032318, -0.015911893919110298, 0.046284645795822144)","(0.01954168826341629, -0.043639205396175385, 0.01848425716161728)","(0.00986347533762455, -0.06323942542076111, -0.006681582424789667)","(0.024621009826660156, -0.00648694671690464, -0.0012973668053746223)","(0.019673146307468414, -0.02913081832230091, -0.012227804400026798)","(0.011627236381173134, -0.04980497062206268, -0.003624424571171403)","(1.9583851099014282e-05, -0.06541671603918076, 0.010738888755440712)","(0.002583323046565056, -0.00042451603803783655, -0.0019110734574496746)","(-0.00038387253880500793, -0.03661639988422394, -0.006930430419743061)","(-0.0020435918122529984, -0.03939139470458031, 0.021736497059464455)","(0.001123722642660141, -0.03051881119608879, 0.045501500368118286)","(-0.01665698178112507, 0.004213118460029364, -0.0012481563026085496)","(-0.020926352590322495, -0.02842044271528721, 0.0026223505847156048)","(-0.015615914016962051, -0.030072588473558426, 0.026760084554553032)","(-0.01143617369234562, -0.017105629667639732, 0.048749830573797226)","(-0.0360853336751461, 0.007311420515179634, 0.01196344755589962)","(-0.03563053905963898, -0.01773707941174507, 0.01364039909094572)","(-0.026546603068709373, -0.02299387753009796, 0.034034352749586105)","(-0.02699897065758705, -0.011334497481584549, 0.04870106279850006)"
"(-0.01549215242266655, 0.03235112875699997, 0.08044593781232834)","(0.010582284070551395, 0.006563062779605389, 0.06560254842042923)","(0.018503008410334587, -0.025443416088819504, 0.049305614084005356)","(0.011471819132566452, -0.05058591440320015, 0.02318107709288597)","(-0.004247009754180908, -0.06255532801151276, -0.005575481336563826)","(0.02435973845422268, -0.009985891170799732, -0.0004960015066899359)","(0.016391336917877197, -0.03203088045120239, -0.011213632300496101)","(0.00910910777747631, -0.04980243369936943, -0.004964702297002077)","(0.0003656689077615738, -0.06357824802398682, 0.004926095716655254)","(0.0031049922108650208, -0.0010956467594951391, -0.002401201520115137)","(-0.00224914588034153, -0.03544113039970398, -0.007297531235963106)","(-0.004434067755937576, -0.037611015141010284, 0.020814750343561172)","(-0.0012622252106666565, -0.028742225840687752, 0.04575257748365402)","(-0.015657026320695877, 0.008088480681180954, -0.0014160339487716556)","(-0.020855234935879707, -0.027949169278144836, 0.0011553731746971607)","(-0.017096608877182007, -0.02965611219406128, 0.027513669803738594)","(-0.013513827696442604, -0.016212478280067444, 0.04558395966887474)","(-0.03567053750157356, 0.00961734727025032, 0.0120626762509346)","(-0.03743848204612732, -0.015649380162358284, 0.01575641706585884)","(-0.032683372497558594, -0.017954565584659576, 0.037076085805892944)","(-0.03180284798145294, -0.006185609847307205, 0.04727621376514435)"
"(0.011702115647494793, 0.08496475219726562, 0.034130990505218506)","(0.03353086858987808, 0.055179860442876816, 0.025481250137090683)","(0.049545396119356155, 0.026705406606197357, 0.01832970418035984)","(0.052184224128723145, -0.00034924037754535675, -0.001973505597561598)","(0.04303429648280144, -0.021203812211751938, -0.0174550823867321)","(0.018137414008378983, -0.011860255151987076, 0.015262461267411709)","(0.01110182236880064, -0.04195089638233185, 0.010278597474098206)","(0.0097164586186409, -0.06758514046669006, 0.004751849919557571)","(0.006317307241261005, -0.08769649267196655, -0.013149210251867771)","(-0.001981307752430439, -0.005982684902846813, 0.005847900174558163)","(0.015047125518321991, -0.018967755138874054, -0.024073094129562378)","(0.03180331736803055, 7.425714284181595e-05, -0.028572501614689827)","(0.03510517627000809, 0.015051580965518951, -0.013323714956641197)","(-0.013335180468857288, 0.006012193858623505, -0.009235113859176636)","(0.005937297362834215, -0.0005876714130863547, -0.033941879868507385)","(0.021646762266755104, 0.015026493929326534, -0.035192761570215225)","(0.022218629717826843, 0.033340081572532654, -0.02078419178724289)","(-0.02108796127140522, 0.027187611907720566, -0.019825633615255356)","(-0.01240707840770483, 0.012971274554729462, -0.03679316118359566)","(0.004846310708671808, 0.013716365210711956, -0.04757101833820343)","(0.014138944447040558, 0.02636631205677986, -0.046912163496017456)"
"(0.021944856271147728, 0.08817184716463089, 0.014853528700768948)","(0.04688585177063942, 0.06166786700487137, 0.004459539894014597)","(0.0661509707570076, 0.03683121129870415, -0.0014500096440315247)","(0.06248791515827179, 0.008034074679017067, -0.01487649604678154)","(0.04051271453499794, -0.007975837215781212, -0.029904069378972054)","(0.022917577996850014, -0.011397629976272583, 0.011159383691847324)","(0.012121566571295261, -0.038687579333782196, 0.006867848336696625)","(0.007235243916511536, -0.06267344951629639, 0.0006661947700195014)","(0.00234451936557889, -0.08240000903606415, -0.01887771487236023)","(-0.002418831456452608, -0.005833741277456284, 0.007757284212857485)","(0.009268129244446754, -0.02527381107211113, -0.022492200136184692)","(0.020488863810896873, -0.009022570215165615, -0.03451192006468773)","(0.026587877422571182, 0.0055647315457463264, -0.019785797223448753)","(-0.01746799610555172, 0.0032712502870708704, -0.0061472621746361256)","(-0.0048407516442239285, -0.010247547179460526, -0.03182962164282799)","(0.009570552967488766, 0.007832955569028854, -0.03438865393400192)","(0.013047641143202782, 0.024914730340242386, -0.025167105719447136)","(-0.02437533810734749, 0.02336280792951584, -0.016002150252461433)","(-0.02274383045732975, 0.004840911366045475, -0.033272016793489456)","(-0.00596120860427618, 0.0067026191391050816, -0.04237242788076401)","(-0.0032758808229118586, 0.026292290538549423, -0.037664756178855896)"
"(-0.0017765555530786514, 0.058482151478528976, 0.06951401382684708)","(0.020336095243692398, 0.031476568430662155, 0.05973448231816292)","(0.029014164581894875, 0.0007780846208333969, 0.04409673064947128)","(0.02569349855184555, -0.027058348059654236, 0.013175565749406815)","(0.01017875224351883, -0.04098668694496155, -0.015679432079195976)","(0.023613877594470978, -0.013369395397603512, 0.007722672540694475)","(0.011987213045358658, -0.04715070500969887, 0.0033057043328881264)","(0.003862142562866211, -0.07396045327186584, 0.0139565858989954)","(-0.0070402249693870544, -0.09995726495981216, 0.022711586207151413)","(0.0022153425961732864, -0.0031385149341076612, 0.0002340180508326739)","(-0.002461112104356289, -0.0351981595158577, -0.009812148287892342)","(-0.005008768290281296, -0.04908691719174385, -0.00014666668721474707)","(-0.004720021039247513, -0.052339471876621246, 0.013041580095887184)","(-0.014721233397722244, 0.007322533987462521, -0.005743746180087328)","(-0.01633228175342083, -0.023430103436112404, -0.00510699488222599)","(-0.0063674417324364185, -0.013160505332052708, 0.01836870051920414)","(0.002646873239427805, 0.005448033567517996, 0.03826969489455223)","(-0.034608177840709686, 0.019569702446460724, -0.0001780997554305941)","(-0.03197786957025528, -0.007076167035847902, -0.0029943124391138554)","(-0.019180668517947197, -0.006667535286396742, 0.016545571386814117)","(-0.015420740470290184, 0.007181826513260603, 0.034785281866788864)"
"(-0.006799621507525444, 0.04902933910489082, 0.08216860145330429)","(0.014252647757530212, 0.015203341841697693, 0.06956396251916885)","(0.023795776069164276, -0.007134360261261463, 0.04713780805468559)","(0.025551969185471535, -0.02909068576991558, 0.012605356052517891)","(0.010838612914085388, -0.03785567358136177, -0.017289679497480392)","(0.019525501877069473, -0.01404554396867752, 0.0024196987506002188)","(0.014418591745197773, -0.04692090302705765, -0.005134898703545332)","(0.008136814460158348, -0.07359461486339569, 0.003595188492909074)","(-0.0010382570326328278, -0.09978333115577698, 0.009967971593141556)","(0.00247464282438159, -0.0016961258370429277, -0.002327572088688612)","(-0.012392384000122547, -0.030087407678365707, -0.007249629590660334)","(-0.025013919919729233, -0.0459914430975914, 0.011383320204913616)","(-0.028771065175533295, -0.05006452649831772, 0.03496188297867775)","(-0.012392058968544006, 0.00880180113017559, -0.00396066764369607)","(-0.02257394790649414, -0.02707289159297943, 0.005142948590219021)","(-0.019094157963991165, -0.024619247764348984, 0.030474809929728508)","(-0.0044974684715271, -0.011934980750083923, 0.049456316977739334)","(-0.03106215037405491, 0.01920994743704796, 0.0057382662780582905)","(-0.03293823078274727, -0.00864533893764019, 0.010379280894994736)","(-0.02281140722334385, -0.014325818046927452, 0.032824963331222534)","(-0.018367595970630646, -2.03670933842659e-05, 0.05313390865921974)"
"(-0.0017200056463479996, 0.08023189008235931, 0.05048714205622673)","(0.02102544531226158, 0.05545728653669357, 0.03835576772689819)","(0.039406225085258484, 0.03576992452144623, 0.022645216435194016)","(0.04713428393006325, 0.011244312860071659, -0.00021912128431722522)","(0.040909212082624435, -0.008006113581359386, -0.021774230524897575)","(0.016433604061603546, -0.009788637049496174, 0.012532806023955345)","(0.01466429978609085, -0.038326162844896317, 0.005053773056715727)","(0.02162090130150318, -0.060437772423028946, 0.0029843905940651894)","(0.020682359114289284, -0.07972995191812515, -0.010363667272031307)","(-0.0016596722416579723, -0.006894214078783989, 0.005872220266610384)","(0.016485977917909622, -0.017434734851121902, -0.023612990975379944)","(0.027395809069275856, 0.004648739937692881, -0.030821701511740685)","(0.02963310293853283, 0.01792191155254841, -0.012328201904892921)","(-0.013321183621883392, 0.004670990165323019, -0.007805983070284128)","(0.006554214283823967, 0.0012275025947019458, -0.03147953376173973)","(0.016466379165649414, 0.018722841516137123, -0.027578799054026604)","(0.017275266349315643, 0.03548310324549675, -0.008959362283349037)","(-0.02415423095226288, 0.02403007447719574, -0.014933085069060326)","(-0.01116623543202877, 0.015158903785049915, -0.029252704232931137)","(0.004520786926150322, 0.024667751044034958, -0.03372925519943237)","(0.0061483848839998245, 0.03568919003009796, -0.020831508561968803)"
"(-0.012589164078235626, 0.08525896072387695, 0.04573991522192955)","(0.013020291924476624, 0.05985036864876747, 0.043876130133867264)","(0.03899993374943733, 0.04073601961135864, 0.02582087554037571)","(0.05584900081157684, 0.018904371187090874, -0.0052188667468726635)","(0.05133629962801933, 0.0007764417678117752, -0.035413552075624466)","(0.014111773110926151, -0.013724470511078835, 0.01947612315416336)","(0.018578477203845978, -0.038581352680921555, 0.004887110088020563)","(0.02340197190642357, -0.05944390222430229, -0.0012201432837173343)","(0.023942764848470688, -0.07852432876825333, -0.020209653303027153)","(-0.002389349974691868, -0.006906954571604729, 0.004813819658011198)","(0.028463313356041908, -0.008078435435891151, -0.015199542045593262)","(0.03956310823559761, 0.013448702171444893, -0.0017162180738523602)","(0.03048727475106716, 0.026219181716442108, 0.02011657878756523)","(-0.01167701929807663, 0.007078147958964109, -0.012343809008598328)","(0.018673788756132126, 0.0138480793684721, -0.02365938015282154)","(0.026686571538448334, 0.03026369772851467, -0.01030659768730402)","(0.019185945391654968, 0.04151511564850807, 0.012636702507734299)","(-0.019211620092391968, 0.029312720522284508, -0.02247535064816475)","(0.0035645617172122, 0.028468869626522064, -0.03116663359105587)","(0.021586891263723373, 0.036333657801151276, -0.021170027554035187)","(0.017371971160173416, 0.04526238143444061, -0.005347918719053268)"
"(-0.005078284069895744, 0.07233890891075134, 0.05747000500559807)","(0.01763695478439331, 0.04657682031393051, 0.047892097383737564)","(0.03832649439573288, 0.027427133172750473, 0.03155989199876785)","(0.04801854118704796, 0.008773409761488438, -0.0029047017451375723)","(0.03904787451028824, -0.0002733226865530014, -0.02909444086253643)","(0.012767147272825241, -0.015646081417798996, 0.01429582480341196)","(0.015133164823055267, -0.03458934277296066, -0.0043120477348566055)","(0.01887158304452896, -0.05021606385707855, -0.013724121265113354)","(0.01664084754884243, -0.06460535526275635, -0.03928699344396591)","(-0.001958482665941119, -0.006965968757867813, 0.0038362862542271614)","(0.02446506917476654, -0.0041760848835110664, -0.015485300682485104)","(0.03633272647857666, 0.017221905291080475, -0.0015758249210193753)","(0.0314210020005703, 0.027621261775493622, 0.021740291267633438)","(-0.010549206286668777, 0.008636122569441795, -0.01013348437845707)","(0.016609573736786842, 0.018654346466064453, -0.022057348862290382)","(0.026715293526649475, 0.03383282944560051, -0.007043652702122927)","(0.018312523141503334, 0.04203059524297714, 0.018182596191763878)","(-0.019043006002902985, 0.03210068121552467, -0.014904522337019444)","(0.003149406984448433, 0.03475532680749893, -0.020821861922740936)","(0.01501422468572855, 0.039785780012607574, -0.010594083927571774)","(0.008170759305357933, 0.04145604372024536, 0.007563035935163498)"
"(-0.01837121695280075, 0.05930017679929733, 0.07148370891809464)","(0.007005664519965649, 0.03459016978740692, 0.05811908841133118)","(0.029156405478715897, 0.017685437574982643, 0.03969231992959976)","(0.04547173157334328, 0.00778951495885849, 0.005385061725974083)","(0.045305605977773666, 0.004326452501118183, -0.020782960578799248)","(0.013506749644875526, -0.016214389353990555, 0.011832294054329395)","(0.01804952137172222, -0.02971162460744381, -0.012258261442184448)","(0.022903800010681152, -0.04290711134672165, -0.023389481008052826)","(0.018907353281974792, -0.056140363216400146, -0.05212024599313736)","(-0.0015503610484302044, -0.0065871598199009895, 0.0019929734990000725)","(0.029005516320466995, 0.0005172202363610268, -0.013662931509315968)","(0.04061732068657875, 0.01740260422229767, 0.002087909961119294)","(0.03399542719125748, 0.024035822600126266, 0.025839785113930702)","(-0.00865824706852436, 0.009487679228186607, -0.008286258205771446)","(0.019029203802347183, 0.019778970628976822, -0.01739656552672386)","(0.02864798717200756, 0.03371629863977432, 0.0009903194149956107)","(0.016964472830295563, 0.0365065336227417, 0.024790242314338684)","(-0.019895819947123528, 0.031616877764463425, -0.007723762653768063)","(0.004819730296730995, 0.03614802658557892, -0.01209358498454094)","(0.016875121742486954, 0.04092114418745041, -0.00025125208776444197)","(0.006835214793682098, 0.03983417898416519, 0.01822349615395069)"
"(0.011820962652564049, 0.03329718858003616, 0.0855526551604271)","(0.018992550671100616, -0.005165226757526398, 0.06423603743314743)","(0.0055127376690506935, -0.03139263764023781, 0.047277551144361496)","(-0.015299476683139801, -0.04308037459850311, 0.015303323045372963)","(-0.037591755390167236, -0.04146023467183113, -0.010726595297455788)","(0.01471470296382904, -0.021855032071471214, -0.003934819251298904)","(-0.004499124363064766, -0.02842583693563938, -0.009845461696386337)","(-0.019391141831874847, -0.03220745176076889, 0.011011818423867226)","(-0.027245892211794853, -0.024027742445468903, 0.04255722835659981)","(0.0027722837403416634, -0.0015857985708862543, -0.0045512062497437)","(-0.02385517582297325, -0.025448374450206757, -0.0014414344914257526)","(-0.030016958713531494, -0.02809584140777588, 0.026287630200386047)","(-0.02509370446205139, -0.02442285045981407, 0.05302251875400543)","(-0.008879120461642742, 0.013172435574233532, 0.0017142316792160273)","(-0.03891541436314583, -0.012302837334573269, 0.008973540738224983)","(-0.034270159900188446, -0.01484161987900734, 0.03881435468792915)","(-0.025692500174045563, -0.012556109577417374, 0.059248071163892746)","(-0.024862781167030334, 0.027463596314191818, 0.01683017984032631)","(-0.04413532838225365, 0.004812156781554222, 0.0217694491147995)","(-0.03933165967464447, -0.005663084797561169, 0.049287356436252594)","(-0.03211039677262306, 0.002493126317858696, 0.061440546065568924)"
"(0.01413701567798853, 0.030723238363862038, 0.08417538553476334)","(0.020136451348662376, -0.005312033928930759, 0.06241927668452263)","(0.006817355751991272, -0.030401943251490593, 0.0403643473982811)","(-0.01480188313871622, -0.04031281918287277, 0.006992565467953682)","(-0.03946276754140854, -0.038033563643693924, -0.01806488074362278)","(0.014695126563310623, -0.019880374893546104, -0.008255140855908394)","(-0.006876049563288689, -0.02378283441066742, -0.01566411182284355)","(-0.027762912213802338, -0.02705441042780876, 0.005151710938662291)","(-0.03943117335438728, -0.018547140061855316, 0.0354524590075016)","(0.0023497426882386208, -0.0014182128943502903, -0.0059217968955636024)","(-0.024019978940486908, -0.02275186963379383, -0.0011648323852568865)","(-0.02956939861178398, -0.0292377807199955, 0.028777923434972763)","(-0.022607987746596336, -0.02990044094622135, 0.05602879449725151)","(-0.008775509893894196, 0.011994382366538048, 0.003716664155945182)","(-0.036486320197582245, -0.013179144822061062, 0.012135153636336327)","(-0.030157774686813354, -0.015736203640699387, 0.042861416935920715)","(-0.020119380205869675, -0.013925235718488693, 0.06508345156908035)","(-0.021314268931746483, 0.02831702120602131, 0.02410971373319626)","(-0.039051223546266556, 0.005050903186202049, 0.027159204706549644)","(-0.03514678403735161, -0.0058493344113230705, 0.050274740904569626)","(-0.02564070373773575, -0.0010845176875591278, 0.06559471040964127)"
"(0.031160958111286163, 0.026087185367941856, 0.08691521733999252)","(0.03239532932639122, -0.009423907846212387, 0.06288420408964157)","(0.01690492406487465, -0.033883385360240936, 0.04211907088756561)","(-0.004581265151500702, -0.048161111772060394, 0.0066770282573997974)","(-0.027988102287054062, -0.039329878985881805, -0.015639066696166992)","(0.01329704001545906, -0.023306947201490402, -0.005128991324454546)","(-0.008702670224010944, -0.02737364172935486, -0.013528999872505665)","(-0.02660333178937435, -0.02851499244570732, 0.006532741244882345)","(-0.034263938665390015, -0.025118181481957436, 0.0328373983502388)","(0.0011328840628266335, -0.0026634549722075462, -0.005337734706699848)","(-0.026767060160636902, -0.023327406495809555, -0.0029250902589410543)","(-0.02664654143154621, -0.025052247568964958, 0.023930808529257774)","(-0.016647810116410255, -0.01842491701245308, 0.049407534301280975)","(-0.007618839852511883, 0.01398390345275402, 0.002344345673918724)","(-0.0346028171479702, -0.01132876705378294, 0.009673260152339935)","(-0.024839229881763458, -0.013317651115357876, 0.036622487008571625)","(-0.014098859392106533, -0.009694162756204605, 0.05587659776210785)","(-0.015501311980187893, 0.03091648779809475, 0.01910405419766903)","(-0.03717949986457825, 0.007409684360027313, 0.022420547902584076)","(-0.028738338500261307, -0.00373064074665308, 0.04613765701651573)","(-0.01868516020476818, 0.004093409050256014, 0.057882118970155716)"
"(0.03171048313379288, 0.02066808007657528, 0.0886213406920433)","(0.032007914036512375, -0.01389386784285307, 0.0630732923746109)","(0.017632750794291496, -0.035486508160829544, 0.04059913754463196)","(-0.005197156220674515, -0.05068979412317276, 0.00695414561778307)","(-0.028653960675001144, -0.039570774883031845, -0.015594388358294964)","(0.012451150454580784, -0.022963915020227432, -0.007037217263132334)","(-0.008371001109480858, -0.026423415169119835, -0.014957156032323837)","(-0.023308539763092995, -0.027707785367965698, 0.005611164961010218)","(-0.03492637351155281, -0.025647245347499847, 0.0316481813788414)","(0.0014928191667422652, -0.0021768214646726847, -0.005054723005741835)","(-0.02286100573837757, -0.02417770028114319, -0.0036249603144824505)","(-0.019543981179594994, -0.027763502672314644, 0.025471312925219536)","(-0.009398583322763443, -0.018822647631168365, 0.052360374480485916)","(-0.008276678621768951, 0.014721090905368328, 0.0033039776608347893)","(-0.03293131664395332, -0.010609962046146393, 0.009633784182369709)","(-0.02484767511487007, -0.014406250789761543, 0.035953935235738754)","(-0.015002948231995106, -0.0113779716193676, 0.055090442299842834)","(-0.01665482111275196, 0.03184957802295685, 0.021464794874191284)","(-0.03360985964536667, 0.006244535557925701, 0.02424396201968193)","(-0.029371675103902817, -0.0043152449652552605, 0.04694095253944397)","(-0.0198275875300169, 0.0023931078612804413, 0.06091535463929176)"
"(0.03359023481607437, 0.02054080180823803, 0.09152586758136749)","(0.03097052127122879, -0.014550087973475456, 0.06430014967918396)","(0.015966098755598068, -0.036220304667949677, 0.04156048968434334)","(-0.006117530167102814, -0.04926334321498871, 0.007353161461651325)","(-0.028519406914711, -0.038852039724588394, -0.015324595384299755)","(0.011327303946018219, -0.023777427151799202, -0.006897574756294489)","(-0.011044605635106564, -0.026951175183057785, -0.014721779152750969)","(-0.026078546419739723, -0.027663664892315865, 0.0067700413055717945)","(-0.03315025568008423, -0.024683808907866478, 0.0335274413228035)","(0.0005934631335549057, -0.002443920820951462, -0.005366288125514984)","(-0.02425120398402214, -0.02171369455754757, -0.004209085367619991)","(-0.021642062813043594, -0.024907752871513367, 0.023767072707414627)","(-0.010980913415551186, -0.01719919964671135, 0.05219413712620735)","(-0.006739966105669737, 0.014025500044226646, 0.0034867108333855867)","(-0.032693177461624146, -0.008235912770032883, 0.009975056163966656)","(-0.023884674534201622, -0.01187264733016491, 0.036608852446079254)","(-0.014703964814543724, -0.008870754390954971, 0.05656960979104042)","(-0.013712295331060886, 0.0318140983581543, 0.021584607660770416)","(-0.032744988799095154, 0.009485260583460331, 0.024497784674167633)","(-0.027473725378513336, -0.001610524021089077, 0.04697613790631294)","(-0.01815522089600563, 0.0036413082852959633, 0.05933466926217079)"
"(-0.014029051177203655, 0.02671964280307293, 0.08670370280742645)","(0.008820106275379658, 0.004283814691007137, 0.06522797793149948)","(0.031645480543375015, -0.008187172934412956, 0.044106777757406235)","(0.04729238897562027, -0.002841304987668991, 0.012441838160157204)","(0.0415995791554451, 0.013661155477166176, -0.013619484379887581)","(0.00682739308103919, -0.018138974905014038, 0.0013830466195940971)","(0.024065248668193817, -0.012821204960346222, -0.011328550055623055)","(0.03952603042125702, -0.005630163475871086, 0.00018841626297216862)","(0.03976525738835335, 0.006178540177643299, 0.005435509141534567)","(-0.004069020971655846, -0.0042018466629087925, -0.0010635752696543932)","(0.02388310804963112, 0.005681969691067934, -0.013723792508244514)","(0.03107597306370735, 0.01249070093035698, 0.011890577152371407)","(0.02582373470067978, 0.003587700892239809, 0.03923403099179268)","(-0.00496663898229599, 0.009592588990926743, -0.0032731867395341396)","(0.022777384147047997, 0.023660626262426376, -0.007074571680277586)","(0.02849157713353634, 0.023370252922177315, 0.017571162432432175)","(0.024266619235277176, 0.013334393501281738, 0.04113156348466873)","(-0.0072392565198242664, 0.02832491137087345, 0.006619952619075775)","(0.013548052869737148, 0.03295900672674179, 0.004004469141364098)","(0.020022697746753693, 0.031832825392484665, 0.022167710587382317)","(0.014173624105751514, 0.027396053075790405, 0.0396074540913105)"
"(0.034635234624147415, 0.017921414226293564, 0.0870467871427536)","(0.030350491404533386, -0.01652870699763298, 0.0628233477473259)","(0.01208192203193903, -0.037067197263240814, 0.04265847057104111)","(-0.009686494246125221, -0.046288326382637024, 0.007908307015895844)","(-0.03237980231642723, -0.03556184470653534, -0.013246608898043633)","(0.009127005003392696, -0.024433307349681854, -0.006171603687107563)","(-0.013657733798027039, -0.024990620091557503, -0.014170926995575428)","(-0.030415749177336693, -0.024185890331864357, 0.006230295170098543)","(-0.038257867097854614, -0.01990601420402527, 0.031529154628515244)","(0.0007436077576130629, -0.0027556614950299263, -0.005318479146808386)","(-0.028752151876688004, -0.017974313348531723, -0.0031883546616882086)","(-0.028108879923820496, -0.018815964460372925, 0.022443795576691628)","(-0.01731055974960327, -0.01598985865712166, 0.05120871216058731)","(-0.005136902444064617, 0.013422484509646893, 0.003207731293514371)","(-0.033687833696603775, -0.004733544774353504, 0.009072242304682732)","(-0.024135228246450424, -0.007848761975765228, 0.035977013409137726)","(-0.014870138838887215, -0.007089698221534491, 0.056981660425662994)","(-0.010178633034229279, 0.03167775645852089, 0.019754234701395035)","(-0.03204470872879028, 0.013536022044718266, 0.023779554292559624)","(-0.028668589890003204, 0.001249612309038639, 0.045336540788412094)","(-0.018544431775808334, 0.0054399799555540085, 0.054944876581430435)"
"(0.034866813570261, 0.013151407241821289, 0.09027774631977081)","(0.02688487060368061, -0.020289728417992592, 0.0640484020113945)","(0.006669593974947929, -0.03811574727296829, 0.042849622666835785)","(-0.016395630314946175, -0.04494608938694, 0.009801957756280899)","(-0.036973461508750916, -0.030991753563284874, -0.014188908040523529)","(0.006734482944011688, -0.024373967200517654, -0.006680457387119532)","(-0.015911409631371498, -0.023818403482437134, -0.014902951195836067)","(-0.03193703293800354, -0.023577911779284477, 0.006463071331381798)","(-0.04024660959839821, -0.019904810935258865, 0.03298091143369675)","(0.000602495507337153, -0.002233737614005804, -0.005409909877926111)","(-0.02906639128923416, -0.017657436430454254, -0.00287070800550282)","(-0.028080914169549942, -0.01967283897101879, 0.02419119141995907)","(-0.015294713899493217, -0.01397169940173626, 0.05122871696949005)","(-0.003979642875492573, 0.014839944429695606, 0.0036363208200782537)","(-0.034902386367321014, -0.0026330752298235893, 0.009085052646696568)","(-0.02676476165652275, -0.007748679257929325, 0.03616064041852951)","(-0.017788812518119812, -0.005905995611101389, 0.05496198311448097)","(-0.00883440114557743, 0.03292025625705719, 0.0216225478798151)","(-0.03279384225606918, 0.01409249845892191, 0.024814913049340248)","(-0.029255691915750504, 0.002630777657032013, 0.049110494554042816)","(-0.019985781982541084, 0.007994376122951508, 0.060500018298625946)"
"(-0.023659758269786835, 0.043713897466659546, 0.053209684789180756)","(0.00438091903924942, 0.0365656279027462, 0.04218795895576477)","(0.02777990698814392, 0.03431401401758194, 0.018959706649184227)","(0.03390912339091301, 0.034479014575481415, -0.010968005284667015)","(0.021181734278798103, 0.026051361113786697, -0.032753780484199524)","(0.016715046018362045, -0.007884647697210312, 0.003599969670176506)","(0.031046513468027115, -0.003992587327957153, -0.004978894256055355)","(0.045471999794244766, 0.008969394490122795, -0.016873836517333984)","(0.04969536140561104, 0.024214502424001694, -0.02765234187245369)","(-0.0008496795780956745, -0.006138015538454056, 0.0007460093474946916)","(0.015093820169568062, -0.0016986350528895855, -0.013163123279809952)","(0.020977988839149475, 0.015607114881277084, -0.021823307499289513)","(0.01868024654686451, 0.021733352914452553, -0.023717831820249557)","(-0.01125451922416687, 0.004094444215297699, -0.0027444264851510525)","(0.0006303740665316582, 0.017386268824338913, -0.015959475189447403)","(0.004665677435696125, 0.03352244198322296, -0.01514758262783289)","(0.001820361241698265, 0.040389277040958405, -0.0031451915856450796)","(-0.025453660637140274, 0.022093741223216057, 0.0004552186874207109)","(-0.012448789551854134, 0.03348163142800331, -0.013490306213498116)","(-0.008571029640734196, 0.04575599730014801, -0.016226477921009064)","(-0.008333476260304451, 0.04975108802318573, -0.010431130416691303)"
"(0.043622370809316635, 0.005169105250388384, 0.09416007250547409)","(0.026575801894068718, -0.023680049926042557, 0.06393639743328094)","(0.001292383298277855, -0.03881005942821503, 0.04158041626214981)","(-0.02081281691789627, -0.040772274136543274, 0.006006456445902586)","(-0.036808691918849945, -0.020746471360325813, -0.0181878749281168)","(-0.00043251458555459976, -0.023531462997198105, -0.009139404632151127)","(-0.026552919298410416, -0.02170632965862751, -0.013009302318096161)","(-0.043759699910879135, -0.022198032587766647, 0.011380481533706188)","(-0.05455987900495529, -0.0173293836414814, 0.029823994264006615)","(0.0005782510852441192, -0.002356475219130516, -0.005398101639002562)","(-0.03236953541636467, -0.00945200864225626, -0.0015714532928541303)","(-0.031163644045591354, -0.014674217440187931, 0.02585764043033123)","(-0.0205831378698349, -0.01442156545817852, 0.04970333352684975)","(-0.0017971245106309652, 0.014967437833547592, 0.004518839996308088)","(-0.032956935465335846, 0.004807574674487114, 0.009532570838928223)","(-0.02679489180445671, 6.731972098350525e-05, 0.034743357449769974)","(-0.017443794757127762, -0.00033811479806900024, 0.05549725145101547)","(-0.00013317400589585304, 0.032601479440927505, 0.023821363225579262)","(-0.023826219141483307, 0.022762004286050797, 0.02702467329800129)","(-0.024777017533779144, 0.013029771856963634, 0.049023132771253586)","(-0.014089398086071014, 0.012401740998029709, 0.06177873909473419)"
"(-0.006909538060426712, -0.04249276965856552, 0.07077717781066895)","(0.016687005758285522, -0.032355960458517075, 0.042293135076761246)","(0.033880565315485, -0.014631850644946098, 0.031529802829027176)","(0.048328325152397156, -0.003778042271733284, 0.012378633953630924)","(0.04540332034230232, 0.014414925128221512, -0.0066201635636389256)","(0.014656268060207367, -0.000335626769810915, -0.007291425950825214)","(0.02447262778878212, 0.009852202609181404, -0.008025222457945347)","(0.03009483963251114, 0.011627073399722576, 0.011322727426886559)","(0.027513183653354645, 0.002639361657202244, 0.02812213823199272)","(0.0023471007589250803, 0.0003702006652019918, -0.0029673196841031313)","(0.006035563535988331, 0.02041107416152954, -6.408492481568828e-05)","(0.018034297972917557, 0.018470220267772675, 0.015952134504914284)","(0.010186919942498207, 0.01459465455263853, 0.040346402674913406)","(-0.009171687066555023, 0.002828482771292329, 0.003911138512194157)","(0.0004052077420055866, 0.01628975383937359, 0.006479626055806875)","(0.004308492876589298, 0.013275263831019402, 0.025743680074810982)","(-0.0015039080753922462, 0.007505958434194326, 0.045797839760780334)","(-0.013266108930110931, -0.0004699230194091797, 0.02060002274811268)","(-0.012207958847284317, 0.011595441959798336, 0.02105052024126053)","(-0.00862878281623125, 0.015234574675559998, 0.03553508594632149)","(-0.010267408564686775, 0.006349862553179264, 0.04390093684196472)"
"(-0.0026131365448236465, -0.022223200649023056, 0.07160354405641556)","(0.015955980867147446, -0.023870954290032387, 0.04156533256173134)","(0.027776449918746948, -0.012369688600301743, 0.024052878841757774)","(0.03770798072218895, -0.0031232796609401703, -0.0027192782144993544)","(0.037029288709163666, 0.013847927562892437, -0.024441489949822426)","(0.004676910117268562, -0.003121231449767947, -0.011112365871667862)","(0.0004437081515789032, 0.0038165433797985315, -0.02148493006825447)","(0.0028891805559396744, 0.02090877667069435, -0.021125130355358124)","(0.0034127701073884964, 0.04184023663401604, -0.02668636478483677)","(0.00022946394165046513, -0.0021154608111828566, -0.002272809622809291)","(0.01104855164885521, 0.009955156594514847, -0.008142862468957901)","(0.030071323737502098, 0.011171763762831688, 0.0056321886368095875)","(0.03085068240761757, 0.014056123793125153, 0.016055332496762276)","(-0.001944590243510902, 0.004712054505944252, 0.005730947945266962)","(0.013954135589301586, 0.007533598691225052, 0.0004281009023543447)","(0.021984541788697243, 0.011591875925660133, 0.015916671603918076)","(0.01808929070830345, 0.009399233385920525, 0.03095141425728798)","(0.002812368795275688, 0.0060674636624753475, 0.025551414117217064)","(0.012593494728207588, 0.011616832576692104, 0.02213592454791069)","(0.02065557986497879, 0.011900918558239937, 0.03691462427377701)","(0.01697714999318123, 0.011095959693193436, 0.04576925188302994)"
